OverallQual,YearBuilt,GrLivArea,SalePrice
6,1960,1656,215000
5,1961,896,105000
6,1958,1329,172000
7,1968,2110,244000
5,1997,1629,189900
6,1998,1604,195500
8,2001,1338,213500
8,1992,1280,191500
8,1995,1616,236500
7,1999,1804,189000
6,1993,1655,175900
6,1992,1187,185000
6,1998,1465,180400
7,1990,1341,171500
8,1985,1502,212000
8,2003,3279,538000
8,1988,1752,164000
9,2010,1856,394432
4,1951,864,141000
6,1978,2073,210000
6,1977,1844,190000
7,1974,1173,170000
7,2000,1674,216000
6,1970,1004,149000
5,1971,1078,149900
5,1968,1056,142000
4,1970,882,126000
4,1971,864,115000
7,1999,1337,184000
6,1971,987,96000
5,1971,1092,105500
6,1971,1092,88000
6,1977,1069,127500
6,1975,1456,149900
7,1975,836,120000
6,1978,1456,146000
9,2009,2334,376162
8,2007,1704,306000
9,2009,1940,395192
8,2009,1544,290941
7,2005,1541,220000
9,2005,1698,275000
8,2005,1822,259000
7,2004,1535,214000
9,2009,2364,611657
7,2009,1358,224000
9,2003,2696,500000
8,2002,2250,320000
9,2005,1752,319900
8,2006,1370,205000
7,2003,1626,175500
6,2005,1324,199500
7,2006,1145,160000
8,2004,1269,192000
7,2004,1374,184500
6,2002,1960,216500
7,2004,1733,185088
7,2000,1430,180000
7,2001,2035,222500
9,1999,2599,333168
8,1998,2475,355000
7,1996,1720,260400
8,1994,2622,325000
8,1999,2270,290000
7,1998,1839,221000
8,1995,3238,410000
8,2005,1595,221500
7,2009,1218,204500
7,2009,1547,215200
8,2008,1566,262500
7,2004,1947,254900
6,2005,1468,271500
7,2004,2084,233000
7,2004,1659,181000
7,1994,2110,205000
6,1980,923,143000
6,1992,1845,189000
6,1979,918,99500
6,1984,752,125000
7,1993,1744,194500
6,1984,1097,152000
6,1980,1564,171000
5,1920,1012,67500
6,1978,1902,112000
5,1961,1155,148000
5,1965,894,138500
5,1967,900,122000
5,1963,1040,133000
5,1962,1040,127000
6,1974,1494,169000
7,1992,1923,190000
8,1993,2349,362500
8,1992,2225,285000
7,2004,1488,260000
7,2004,1680,190000
7,2004,1200,155000
7,2004,1200,151000
7,2004,1200,149500
6,2005,1236,152000
7,2009,1478,222000
6,2000,1573,177500
6,2000,1512,177000
7,1999,1416,155000
7,2003,1080,147110
8,2010,1418,267916
8,2000,1848,254000
8,1980,788,155000
8,1978,1226,206000
6,1976,1479,130500
7,2002,1492,230000
6,1967,1829,218500
6,1993,2495,243500
6,1977,1610,205000
6,1978,1891,212500
7,1988,1714,196500
6,1972,1381,197500
6,1971,1645,171000
5,1966,1232,142250
6,1963,1328,143000
4,1959,1225,128950
5,1966,1209,159000
5,1967,1510,178900
6,1964,1775,136300
5,1964,1152,180500
6,1963,1054,137500
5,1962,1728,84900
5,1950,1078,142125
5,1952,2461,197600
6,1949,1556,172500
5,1958,858,116500
3,1940,1306,76500
5,1954,1063,128000
6,1955,1520,153000
5,1954,1268,132000
6,1966,1128,178000
5,1960,2274,154300
7,1970,2207,180000
6,1966,1888,190000
5,1958,1604,135000
7,2003,1480,214000
5,1959,1143,136000
5,1959,1700,165500
5,1957,1314,145000
6,1959,1194,148000
5,1959,1188,142000
5,1960,1264,167500
5,1959,1206,108538
6,1959,1580,159500
4,1956,1337,108000
5,1952,1064,135000
5,1955,972,122500
5,1958,988,119000
5,1953,1057,109000
4,1920,985,105000
5,1955,827,107500
5,1954,1086,144900
5,1956,936,129000
6,1948,1458,97500
6,1980,1056,144000
5,1959,1287,162000
7,1967,2978,242000
6,1948,1224,132000
5,1959,1246,154000
5,1952,1385,166000
5,1951,900,134800
6,1962,1116,160000
5,1960,1175,148000
6,1963,1395,192000
6,1966,1839,155000
4,1900,1844,80400
4,1910,1140,96500
5,1920,936,109500
5,1927,1028,115000
5,1957,1347,143000
3,1915,1605,107400
4,1945,747,80000
5,1940,804,119000
5,1929,1316,130000
6,1938,1251,119000
5,1948,1633,129000
5,1920,1245,100000
2,1923,832,12789
6,1928,720,105900
8,1900,1566,150000
5,1915,1652,139000
8,1890,2268,240000
5,1910,2256,76500
6,1957,1236,149700
4,1910,1363,125500
4,1885,2290,122500
6,1922,1470,140750
5,1950,1612,128500
7,1922,2068,209500
4,1925,765,87000
6,1939,1132,134000
6,1940,1196,128000
5,1942,1453,132000
6,1948,1416,139900
5,1936,1040,123900
5,1930,1536,138400
6,1923,1068,109500
7,1921,1710,140000
4,1915,1962,149500
6,1912,1560,159900
6,1920,1324,122000
5,1963,816,110000
4,1930,1092,55000
5,1900,1812,140000
7,1940,2403,244400
5,1959,1675,173000
5,1917,1224,107500
5,1915,1392,100000
6,1940,919,95000
4,1907,1884,93369
5,1910,1680,114900
5,1875,1020,94000
4,1967,1832,136000
4,1968,1768,136500
5,1965,1039,131500
5,1957,1392,121500
5,1967,912,125000
5,1968,1060,154000
5,1966,892,137900
6,1969,1352,158000
5,1968,864,137250
5,1978,1373,160250
5,1968,1440,163000
6,1978,1386,158900
7,1996,2260,328000
7,1977,1483,270000
4,1927,756,85000
4,1950,1067,128000
7,1979,1524,260000
6,1978,1981,230000
3,1938,1610,124000
5,1920,835,83000
6,1950,1074,144500
5,1956,1144,129000
4,1947,1531,127000
5,1954,1172,128000
6,2009,1212,186000
7,2009,1508,308030
5,1964,1298,114000
4,1946,930,84900
6,1985,1732,178000
7,1987,1433,270000
6,1993,1802,218000
7,1993,1949,236000
6,1992,996,147000
8,2008,1694,245350
7,2006,1208,206000
7,2009,1226,198900
7,2010,1222,187000
7,1990,3222,320000
6,1900,1445,138500
6,1971,1052,155000
5,1996,965,159000
7,1997,1692,191000
6,1998,1682,200500
5,1977,1026,150000
6,1977,1392,161750
5,1976,894,128200
5,1972,876,127000
8,2003,1978,318000
8,2001,1601,272000
7,2003,1829,237000
7,1997,2098,240000
7,1998,1661,224900
6,2003,848,143750
6,2004,848,143000
8,2003,1668,232000
7,2004,1484,213000
7,2004,1414,185500
3,1945,640,84900
5,1954,992,155891
5,1965,1664,100000
5,1968,1196,144000
4,1948,1120,64000
6,1975,1096,125200
6,1976,1117,107000
4,1958,960,90000
4,2003,1121,140000
6,1945,1487,113000
4,1941,924,80000
5,1957,1526,144500
5,1924,1296,104000
6,1915,1647,128000
3,1914,864,58500
5,1924,1691,127000
6,1939,856,126000
4,1967,2650,160000
5,1931,1666,100000
6,1919,2447,169000
7,1941,2133,257500
5,1950,2177,215000
7,1941,2340,266500
7,1959,1902,335000
7,1994,1652,203135
8,1989,1034,185000
8,1989,1191,162500
7,1959,1801,289000
4,1922,1154,125500
2,1941,540,82000
6,1921,1107,110000
4,1920,1128,68400
4,1900,1178,102776
5,1952,1044,55993
4,1896,952,50138
8,2004,1646,246000
8,1998,1916,254900
6,1977,1285,190000
7,2003,1560,201000
6,1976,1034,169900
6,1976,2048,170000
5,1948,1687,160000
7,2008,1346,220000
7,2009,1214,179781
5,2006,1444,174000
8,2009,1968,269500
7,2002,1894,214900
8,2002,1908,202900
9,2008,2018,378500
5,1965,1264,169000
5,2004,1430,173500
6,1971,1824,139000
5,1999,1344,166500
4,1973,1092,83500
5,1973,945,119500
5,1976,1112,85000
4,1970,1092,76000
4,1972,630,75500
4,1970,1092,88250
4,1972,1092,85500
5,1971,874,130000
5,1962,1188,157900
5,1984,833,149900
5,1985,2432,159000
5,1991,1274,136000
5,1969,1479,161000
8,1994,1803,285000
6,1993,1797,231000
6,1956,882,124500
6,1974,1434,157000
8,1972,2704,345000
6,1997,1608,189500
8,2003,2283,270000
7,1996,1628,189000
9,2006,1746,377500
7,1995,1474,168500
8,2004,2522,375000
8,2000,1659,278000
8,1998,1478,240000
8,1995,1734,239500
7,1998,1382,177500
7,1998,1718,185000
6,1998,1636,191000
6,1993,1571,178000
6,1993,1470,185000
6,1994,1516,181316
6,1993,1190,166000
6,1992,1593,178000
6,1994,1481,174000
6,1992,1167,173000
7,1999,1983,225000
7,1990,1442,180500
8,1984,1360,187500
9,2008,2234,501837
8,2008,2046,372500
7,2005,1530,260000
5,1977,1934,185000
7,1980,2353,260000
6,1979,1586,181000
7,1977,1411,82500
6,1977,1602,215000
7,1978,2050,154000
6,1978,1671,200000
7,1980,2673,249000
7,1980,1472,187500
6,1978,1707,184000
8,1981,2524,278000
7,1978,1601,157000
7,1976,1370,152000
5,1976,1868,197500
7,2003,1884,240900
8,2009,1935,263435
8,2000,1874,220000
8,2002,1811,235000
5,1975,1621,213000
6,1974,1116,167900
7,1975,1193,158000
6,1974,1350,165000
6,1972,2119,158000
5,1974,1792,136000
5,1970,1002,148500
6,1969,1026,156000
5,1970,1180,128000
5,1971,1050,143000
4,1970,864,76500
4,1970,864,120500
4,1970,864,124500
4,1971,864,97000
4,1971,864,130000
6,1973,987,111000
5,1970,1365,125000
5,1971,1302,112000
6,1972,987,97000
6,1972,987,118000
5,1972,1302,119500
6,1976,958,143750
6,1976,1548,146000
6,1976,1456,148500
7,1975,1055,123000
6,1974,1322,147000
6,1977,1456,137900
6,1978,1548,147000
6,1978,1441,148500
6,1978,1456,138000
7,1976,836,128500
5,1967,892,100000
5,1966,1120,148800
10,2006,1718,337500
9,2007,2772,462000
9,2008,3140,485000
10,2008,2402,555000
9,2006,1652,325000
8,2007,1600,256300
8,2008,2042,253293
9,2009,2690,398800
9,2008,2184,335000
9,2008,2020,404000
10,2009,2020,402861
10,2008,2296,451950
10,2007,2674,610000
9,2008,2822,582933
9,2008,1736,360000
8,2004,1782,296000
8,2007,2520,409900
8,2006,1717,255500
9,2008,1743,335000
8,2004,1713,274900
9,2006,1531,300000
9,2008,1808,324000
9,2004,2224,350000
8,2004,1836,280000
8,2003,1629,284000
7,2003,1760,269500
7,2009,1502,233170
10,2003,2392,386250
9,2003,2452,445000
8,2003,2400,290000
8,2006,1606,255900
6,2005,1358,213000
6,2005,1306,196000
6,2005,1306,184500
7,2007,1358,212500
7,2007,1314,230000
10,2004,2492,552000
8,2003,2200,382500
9,2008,1884,320000
9,2008,1456,248500
8,2002,1712,286500
8,2006,1324,254000
7,2003,1405,173000
7,2003,1626,173000
7,2005,1456,184000
6,2005,1490,167800
6,2005,1484,174000
6,2005,1560,174000
7,2007,1555,174000
7,2007,1569,175900
7,2005,1555,192500
7,2005,1504,181000
7,2005,1220,180000
7,2005,1145,160200
7,2004,1432,188500
6,2002,2267,200000
7,2004,1374,170000
7,2004,1630,189500
8,2002,1419,184100
7,2004,1594,195500
7,2003,1489,192000
7,2003,1342,178000
7,2007,1314,207500
7,2000,2256,236000
8,2002,2004,257500
6,2000,2054,244000
7,2004,1374,167000
6,2000,1800,179000
6,2000,1514,190000
7,1999,1430,156000
7,1999,2312,245000
6,1999,1675,181000
7,1999,2060,214000
7,1999,1430,168000
8,1999,2365,337000
8,1995,2794,403000
8,2000,2687,327000
8,1998,2450,340000
8,1998,2612,336000
7,1996,2344,265000
8,1994,2063,315000
7,1993,2646,260000
7,1995,2061,260000
8,1993,2232,263550
8,1994,2448,402000
7,1994,1850,248000
8,2008,1468,244600
8,2008,1696,275000
8,2008,1658,257500
8,2008,1578,287090
8,2007,1702,275500
8,2006,1432,245000
7,2005,1971,253000
9,2005,2490,468000
7,2009,1852,252678
8,2008,1590,210000
6,2009,1218,208300
7,2008,1436,225000
8,2009,1314,229456
7,2008,1402,229800
9,2007,1530,250000
9,2009,1766,370878
8,2006,1448,238500
10,2008,2007,310000
8,2006,1795,270000
8,2005,1953,252000
7,2006,1550,241000
8,2008,1836,264500
7,2006,1662,291000
7,2003,2094,263000
7,2004,1221,185000
7,2003,1553,234500
7,2003,1653,209000
7,2007,1218,159000
7,2006,1141,152000
6,2004,1158,143500
7,2004,1812,193000
8,2004,1512,203000
7,2003,1200,184900
7,2004,1114,159000
5,2004,1114,142000
5,2003,1114,153000
7,2008,1450,224243
7,1996,2122,220000
8,2005,1844,257000
7,2001,1434,189000
6,1992,1730,171500
6,1980,1217,120000
6,1990,1332,145000
7,1994,1540,184000
6,1986,1400,162000
6,1981,1882,160000
4,1950,841,82000
6,1928,784,76000
5,1962,980,110000
5,1977,980,135000
5,1961,864,141000
5,1961,864,122000
5,1965,1020,124100
5,1963,912,129000
5,1961,1144,131400
5,1965,864,62383
5,1962,912,123000
8,1980,2014,275000
7,1991,1755,235000
7,2004,3005,280750
6,2009,1224,164500
6,2009,1224,173733
6,2008,1726,222000
6,2008,1256,195000
6,1999,1471,172500
6,2000,1512,180000
7,1999,1452,156000
8,1999,1739,172500
8,1977,1694,318750
8,1981,1226,211500
7,1981,1740,241600
8,1976,2499,180500
4,1976,1620,150000
6,1968,1556,154000
6,1970,1442,185000
6,1968,1489,185750
7,1973,2090,200000
7,1974,2067,206000
6,1972,1395,162000
6,1967,2640,256900
6,1967,1724,197900
5,1969,1336,163000
6,1969,1216,113000
7,1977,2288,230000
6,1977,1334,167900
7,1998,1680,213250
8,2001,1665,227000
5,1967,864,130000
5,1967,1568,143000
5,1965,925,117500
7,1974,2061,168500
6,1971,1320,172500
6,1967,1342,161500
4,1960,894,141500
5,1959,864,118000
6,1959,864,127500
4,1957,1362,140000
5,1956,1728,177625
5,1958,1776,110000
6,1964,1516,167000
5,1961,1313,153000
5,1964,1292,145100
5,1966,1154,154000
5,1965,2140,177500
6,1964,1445,158000
5,1959,1041,124500
6,1961,1576,174500
5,1955,960,122000
4,1940,708,82500
5,1950,1203,110000
6,1953,1505,149500
6,1967,1691,175000
6,1953,1644,167000
5,1956,1050,128900
6,1950,1668,140000
5,1950,1113,147000
5,1967,1584,124000
6,1961,1453,187500
6,1963,1394,159000
6,1966,1567,256000
7,1965,1986,205000
6,1968,2142,193500
6,1968,1392,110000
4,1920,1738,104900
5,1956,1144,150000
6,1957,1478,156500
7,1960,1329,176000
6,1959,988,149500
6,1958,1632,139000
6,1958,1215,155000
5,1956,1202,120000
5,1955,1382,153000
4,1956,1200,144000
6,1962,1382,176000
5,1954,1297,153000
5,1958,1866,135000
6,1954,1062,131000
5,1953,1319,123000
5,1951,1112,126000
4,1955,1005,115000
5,1951,1363,164900
5,1945,793,113000
5,1952,1031,145500
5,1953,1210,102900
3,1900,1699,95000
7,1948,1527,152500
5,1950,1200,129900
6,1948,972,132000
3,1958,792,99900
5,1916,1656,135000
5,1939,1352,149000
4,1900,1039,114000
5,1924,792,109500
5,1925,1078,125000
4,1915,2377,142900
7,1910,1690,156500
2,1940,599,59000
4,1920,1374,105000
5,1920,846,106000
3,1890,725,78500
6,1969,2544,190000
6,1963,1380,154000
6,1967,1040,163000
5,1969,2634,200000
6,1958,951,143500
6,1957,1105,135000
5,1957,1306,153000
6,1960,1478,157500
6,1958,1142,113500
5,1949,1268,133000
3,1950,1040,92900
6,1950,1133,128500
4,1949,1040,90000
5,1950,1904,138000
5,1958,1041,128000
5,1958,1339,139000
5,1952,732,118900
5,1959,1183,138000
5,1959,1148,132500
4,1949,1461,133500
6,1948,1495,135000
6,1964,1806,144750
5,1978,941,145000
6,1963,1045,127000
5,1962,894,109500
6,1926,1224,115000
5,1910,1230,110000
6,1935,1378,128900
6,1910,1944,103500
5,1941,1131,66500
5,1910,1306,130000
5,1910,1464,129000
5,1939,1558,150000
5,1892,2372,107500
4,1920,1701,94550
5,1952,1960,124500
7,1946,1389,135000
5,1910,1447,103000
4,1953,936,93000
5,1950,1328,129500
5,1954,1387,93000
4,1920,861,80000
2,1940,612,45000
3,1910,968,37900
5,1938,886,91300
5,1923,792,99500
4,1920,1452,113000
4,1910,1510,87500
5,1947,1284,110000
5,1898,2138,106000
7,1880,2640,265979
6,1900,2007,160000
6,1917,1288,119000
8,1882,1742,168000
4,1910,816,58500
7,1920,1482,143000
5,1910,1022,85000
5,1890,1869,124900
6,1920,1480,119000
6,1910,1521,146500
4,1920,720,34900
3,1900,797,44000
5,1923,1576,223500
6,1923,1432,149000
7,1925,1548,205000
5,1930,1654,137000
6,1916,952,121000
4,1936,1324,128000
6,1937,1176,134900
5,1925,1348,117000
6,1939,1412,132500
5,1924,1142,93000
6,1926,904,119000
5,1924,1301,100000
5,1936,1539,141500
4,1935,1573,133000
2,1936,800,60000
5,1931,875,105000
5,1925,995,115000
5,1938,1582,150000
5,1925,1072,126500
6,1916,2134,214500
7,1910,2019,167500
6,1915,1768,155000
7,1915,1826,155000
7,1915,1944,179900
6,1912,2229,104000
5,1922,2128,62500
6,1927,1930,149000
4,1925,1208,103000
6,1915,1427,123000
7,1902,1864,97500
6,1927,1666,135000
4,1923,892,70000
6,1915,1403,116000
4,1946,704,88750
5,1987,1200,179000
5,1987,1200,179000
5,1978,1152,159900
1,1922,904,61000
6,1925,1369,103600
5,1934,1112,63000
5,1963,1464,175000
5,1963,1121,139000
6,1978,1683,172500
5,1967,1052,113500
5,1967,899,130000
6,1978,1034,149900
5,1982,858,134900
5,1982,860,137000
5,1962,1092,139000
5,1961,1774,165000
6,1960,1138,148000
5,1956,2071,165000
2,1947,660,63900
4,1957,1788,161500
5,1968,1473,143000
4,1956,1229,135000
4,1940,861,82500
5,1955,1867,190000
3,1955,1733,139600
4,1954,1383,122000
6,1956,1689,127500
5,1956,1073,121500
5,1958,1276,60000
6,1946,1639,154400
4,1941,672,113000
5,1954,1089,125000
4,1957,845,84000
5,1984,1049,139500
5,1949,1716,131000
6,1939,1258,105000
4,1940,1510,108000
7,1990,1061,162000
6,1983,1338,156500
8,1983,2132,316600
7,1990,2196,271900
7,1993,1775,213000
7,1993,1879,239900
8,1995,2020,239500
5,1880,2016,131000
5,1979,1535,118964
5,1979,1224,153337
5,1979,2228,147983
5,1979,1535,118858
5,1979,1535,118858
5,1979,2240,142953
5,1979,1229,148325
5,1979,1513,113722
7,2000,2787,269500
7,2000,2787,269500
7,2000,2787,269500
9,2009,1680,323262
8,2007,1718,297000
8,2008,1630,295493
9,2008,1720,332000
8,2008,1468,239900
8,2007,1768,212000
8,2007,1838,272500
9,2007,1800,239000
7,2006,1604,220000
7,2007,1290,200000
8,2008,1254,221800
7,2007,1232,194500
8,2005,1498,237000
6,2005,1422,173000
7,1989,1644,275000
7,1992,1759,233500
5,1967,2126,185000
5,1996,1040,152000
5,1994,990,143000
6,1997,1764,231500
7,1996,1661,212000
7,1998,1463,207000
5,1994,1097,145000
5,1994,990,138000
7,1998,1779,197900
7,1999,1501,204000
7,1999,1431,192000
6,1998,1772,200000
7,2002,1660,195000
7,2002,1573,227000
7,2001,1840,230000
7,2001,1430,187100
7,2002,1444,203000
7,2001,1492,201000
5,1978,1040,124000
5,1978,907,140000
5,1979,914,134900
5,1977,1040,150500
5,1978,864,136500
5,1977,1268,143500
5,1972,864,133500
5,1972,894,123000
5,1972,768,133900
5,1972,768,133000
7,2002,1611,250000
8,2003,2184,254750
8,2001,1788,236500
8,2001,1872,261500
9,2000,2153,313000
7,2002,1725,198500
7,2001,1870,211000
8,1999,1513,220000
7,1996,1504,203000
8,2002,1828,279500
7,1997,1417,210000
7,1997,2034,219500
7,1996,1716,191000
7,2001,1212,178000
7,2000,1630,213000
6,2003,848,144000
6,2003,848,140000
8,2007,1602,293200
7,2004,1728,190000
7,2004,1500,190000
6,2005,1476,173500
6,2007,1396,170000
4,1949,1126,108000
5,1964,1486,167000
4,1938,816,100000
7,2003,1922,198500
6,1977,1426,159500
4,1960,1149,127000
6,1976,1125,125000
9,2007,1698,320000
6,2005,1072,145500
5,1947,698,118000
4,1959,876,85000
5,1950,1368,120000
4,1945,1529,98000
5,1922,864,99900
3,1952,944,82000
5,1959,1678,119900
5,1956,1560,103500
4,1956,960,112000
6,1920,1196,110000
5,1941,1298,122000
5,1941,1604,117000
5,1938,1268,160000
5,1932,1520,159434
2,1920,438,60000
6,1940,1489,139500
7,1920,3082,197000
6,1935,1242,105000
4,1928,1981,135000
6,1916,1232,147500
6,1925,1608,137450
7,1936,1135,155000
6,1928,1913,177000
7,1928,1477,145000
7,1918,1228,137000
7,1926,2080,234000
5,1940,1567,205000
6,1942,1494,177500
5,1940,1308,160000
5,1960,1273,155000
5,1921,964,163500
5,1921,1343,154900
7,1940,2480,205000
5,1954,1112,144800
7,1941,1564,174500
6,1960,1561,193000
5,1949,1523,158000
6,1950,1152,158500
6,1954,1906,224000
6,1980,1032,115000
6,1980,1229,137000
6,1980,1229,121000
6,1980,1229,124000
6,1986,1982,208000
7,1971,2365,315000
6,1988,1680,222000
5,1920,1344,147000
5,1900,2168,123000
5,1920,1192,78000
3,1915,1526,85000
4,1925,572,75000
8,2007,1648,230000
2,1910,810,57625
8,2000,2052,251000
7,2003,2149,239686
7,2004,1710,240000
6,2001,1961,215000
6,1977,926,156450
6,1977,1287,173000
5,1977,1734,126000
7,1990,1217,173000
5,1991,1595,152000
6,1958,1344,137500
7,1965,2036,375000
9,2007,1620,315500
7,2009,1692,224500
9,2008,2036,410000
9,2008,1641,316500
8,2007,1466,201000
6,1988,1412,175000
6,1980,2237,204000
7,1987,1479,213500
8,2001,1296,220000
7,2003,2014,170000
9,2006,1838,315000
9,2007,1978,425000
5,1968,1008,139500
5,1960,1771,115000
6,1998,1204,162000
6,1999,1224,165000
4,1973,988,91000
5,1968,874,130000
4,1970,630,86000
5,1969,1404,160000
4,1970,630,80000
4,1970,1344,97000
4,1970,1092,88000
5,1972,796,131900
6,1993,1091,131250
5,1978,1110,165500
5,1985,833,112000
5,1992,883,149000
5,1993,1362,143000
5,1992,1287,130000
6,1977,1567,196000
5,1969,1632,173000
6,1958,1414,176500
6,1970,2117,237500
6,1969,2112,206900
6,1997,1604,187500
6,1995,1470,165000
6,1998,1604,195500
6,1998,1638,192000
6,1996,1636,173000
5,1996,1384,177900
7,1996,1446,175000
8,2001,1593,286000
8,1997,1682,247900
8,1993,1337,180000
8,1992,1280,180000
6,1997,1604,181000
6,1998,1633,183000
6,1995,1658,188000
7,1994,1895,194500
6,1991,1709,185000
8,1988,1228,189000
8,1989,1337,188500
8,2005,2500,355000
9,2005,2504,325000
9,2004,1884,387000
6,1952,1474,115000
9,2007,1710,334000
6,1950,1488,133000
7,1986,2093,215000
7,1988,1688,226500
6,1981,1422,175500
7,1983,1260,181900
7,1978,2064,235000
7,1979,1782,220000
6,1977,2872,272000
6,1976,1211,161000
5,1977,1126,175000
7,1980,2044,185000
5,1969,1308,146900
7,1978,2840,292500
6,1976,1523,180000
6,1976,1444,159900
7,1976,1964,205000
5,1973,1178,157000
8,1996,2340,306000
5,1974,1792,133000
6,1969,1054,151000
4,1969,936,111900
5,1971,864,123000
4,1972,864,111250
6,1998,1337,181000
6,1973,987,103400
6,1973,987,100000
6,1972,987,100500
6,1970,987,106000
6,1971,987,85400
6,1971,987,89500
5,1972,1302,111750
6,1977,1069,140000
6,1975,1456,143000
7,1977,1055,148500
5,1966,892,110000
8,2008,1932,394617
10,2007,2332,426000
10,2007,2084,385000
9,2008,2713,446261
8,2007,1582,317500
8,2007,1710,372402
8,2007,2464,417500
9,2007,1950,383000
9,2006,2748,390000
10,2005,2790,460000
9,2005,2331,379000
8,2007,2088,250000
8,2004,2332,316000
10,2003,2470,615000
9,2003,2668,412500
7,2003,2046,284000
8,2003,1575,284000
8,2001,2649,421250
8,2003,2690,370000
9,2008,1866,336860
9,2008,1702,367294
7,2005,1367,192000
8,2003,1518,274000
9,2005,1684,266000
9,2007,1800,370967
8,2006,1342,234250
8,2006,1342,219500
7,2003,1626,155000
7,2003,1626,154000
7,2004,1358,207000
7,2003,1455,195000
7,2004,1576,219990
7,2005,1504,191000
7,2007,1266,159895
7,2007,1246,187687
6,2004,1515,179000
6,2004,1593,193000
7,2005,1166,190000
6,2005,1456,176000
7,2002,1720,188000
7,2003,1986,213000
7,2007,1358,217300
6,2000,1792,186500
7,2000,1892,226750
7,2004,1490,184000
7,2002,1414,176000
7,1999,2322,225000
7,1999,1651,185900
8,1997,2199,284500
8,1998,2630,315000
8,2000,2198,250000
9,2000,2172,291000
8,1998,2006,350000
7,1996,2125,279500
8,1995,2501,290000
8,1995,2113,350000
7,1993,2418,341000
7,1993,2197,287500
7,1994,2127,271000
8,1994,1987,301500
8,2007,1580,235128
6,2007,1933,214000
8,2006,1574,232000
7,2006,1578,240000
9,2008,1506,264132
8,2007,1563,245000
7,2008,1428,227680
8,2007,1861,257000
8,2007,1874,297900
8,2006,1460,247000
8,2007,1372,212700
7,2007,1372,250580
7,2007,1428,182000
7,2005,1768,226700
8,2003,1992,250000
7,2005,1958,250000
8,2007,2078,339750
7,2007,1665,205950
8,2007,1660,256000
7,2007,1218,230348
6,2003,1728,207500
7,2004,1080,141000
6,2003,1696,188000
7,2003,1663,192500
6,2005,1175,146000
5,2004,1114,159000
6,2003,1114,155000
6,2004,1640,173000
7,2007,1162,170000
6,1995,1609,182000
6,1993,1680,163000
6,1994,1679,193500
7,1994,1657,189000
6,2001,1677,190500
7,1992,1737,175000
6,1991,1294,179200
6,1993,1710,187000
6,1993,1617,193000
6,1993,1199,153900
5,1963,984,128000
5,1962,912,144000
5,1961,864,135000
5,1968,890,115000
5,1963,864,119916
6,1961,912,142000
6,1974,1430,192000
5,1972,1641,140000
6,1990,2683,290000
9,1993,2786,372500
7,2004,1391,196000
7,2006,1250,171900
7,2004,1245,178000
6,2005,1200,165000
7,2007,1392,146000
7,2007,1392,146000
7,1999,1501,179400
6,1999,1549,172900
9,2000,1638,300000
9,2001,1310,285000
9,2001,1419,290000
9,1999,1557,305000
9,1999,1709,328900
7,1999,1252,160000
7,1999,1404,170000
7,2001,1789,223000
8,1999,1586,170000
8,1999,1607,200000
10,1998,2393,345000
8,1996,1288,245500
8,1995,1239,217500
8,1993,1719,324000
6,1984,1232,162500
9,1977,2944,150000
8,1976,1671,290000
7,2002,1812,205000
7,1970,1682,174000
6,1969,1427,183000
6,1968,1740,150000
6,1971,1258,145000
7,1967,1620,215000
5,1965,1625,140500
6,1974,2614,240000
5,1968,1464,141000
5,1965,912,147000
5,1965,925,135000
5,1965,1728,145000
5,1965,1728,142600
5,1973,1656,135000
7,1971,1670,170000
8,1976,2715,299800
6,1974,1876,185000
6,1966,1632,173000
7,1961,999,178400
7,1968,1978,176000
5,1956,1014,98000
4,1957,907,109008
4,1956,952,135750
5,1963,1128,155000
6,1964,1425,180500
6,1966,1165,174900
6,1965,1136,140000
6,1964,1092,145000
5,1965,1265,179900
6,1964,1350,168500
5,1961,1114,140000
5,1959,1053,145500
6,1959,1252,142000
4,1960,1100,141000
5,1960,1118,153000
3,1949,720,72500
3,1935,729,52000
5,1939,1077,118000
4,1937,906,87000
5,1960,1496,141500
6,1950,1252,119000
5,1950,1337,141500
6,1955,1661,165500
5,1953,1036,112900
7,1965,1820,201800
6,1961,1362,163000
5,1961,1144,139950
6,1962,1537,174000
6,1962,1431,165000
6,1966,1988,227000
5,1955,1098,135000
5,1963,1144,124000
5,1962,1283,140000
5,1957,1176,136500
5,1959,1440,185000
6,1958,1261,163000
6,1958,1570,166800
6,1956,1196,139000
6,1957,1392,166000
6,1958,1080,136000
5,1956,1104,133000
5,1952,882,116000
5,1953,1152,137500
5,1953,950,130000
6,1957,1790,180000
5,1951,952,139000
5,1953,773,110000
5,1957,1764,100000
5,1947,1216,118500
5,1957,1824,146000
4,1948,869,89900
5,1925,1159,114000
5,1945,1558,140000
4,1940,672,86900
5,1922,1436,139000
4,1900,1294,106250
6,1962,1716,171000
5,1968,1044,139000
7,1958,1312,186000
6,1960,1253,157000
6,1960,1081,148000
7,1960,2069,242000
5,1953,910,116000
5,1951,876,94000
5,1950,1048,98300
5,1960,1507,127000
5,1959,1256,159000
5,1962,1027,125900
5,1960,1269,155000
6,1948,1320,138000
6,1954,984,112500
6,1954,832,105500
6,1954,1278,127500
5,1961,1800,130000
5,1955,1588,150000
5,1954,825,109500
6,1963,1796,140000
6,1964,1611,167900
5,1963,1117,136870
6,2008,1133,143000
5,1925,764,73000
5,1904,1539,157500
5,1948,1323,122600
5,1910,1360,111000
6,1920,2792,256000
5,1940,672,64000
6,1915,1456,139500
4,1910,1594,118000
7,2003,2082,200000
4,1940,1656,119164
5,1920,1740,122250
7,1920,1027,120000
6,1940,1436,155000
5,1910,899,78000
5,1890,1080,95000
5,1948,789,115000
5,1948,1122,147000
5,1946,1499,140000
2,1946,407,46500
5,1957,928,112500
4,1954,901,107900
3,1949,1588,65000
7,1880,3493,295000
5,1900,1627,139500
5,1915,1416,153900
7,1920,1450,132000
5,1916,1344,98000
5,1900,1017,114000
5,1920,2350,130000
6,1917,2058,129500
5,1905,1540,129400
7,1928,1378,161000
6,1905,1912,163000
6,1914,1484,128000
8,1872,2358,122000
7,1926,1111,116900
10,1893,2775,325000
2,1920,1086,55000
7,1890,2495,184000
5,1959,984,110000
5,1954,1795,131500
5,1956,882,97000
4,1958,1093,115500
5,1928,1143,138000
7,1945,1668,108000
5,1930,935,79500
5,1935,1738,153000
5,1924,784,109500
5,1941,1210,124000
6,1900,1290,106900
6,1940,1672,164900
5,1924,949,119000
6,1929,1158,120000
6,1937,1497,157000
6,1939,1342,105000
6,1926,1013,113000
5,1920,1216,115000
4,1946,896,79000
4,1929,1136,123000
5,1945,808,81300
5,1930,1573,162900
7,1939,2009,150000
5,1923,1902,123500
7,1931,1774,129900
6,1920,1362,128000
4,1927,520,68500
5,1948,1285,127000
6,1923,1848,207000
7,1925,1820,184000
6,1915,1716,162500
5,1940,1505,145000
6,1918,838,130000
6,1910,1984,160000
8,1925,1666,161000
6,1910,1609,127500
6,1930,768,93850
6,1952,1536,136000
6,1938,1969,141000
5,1915,1308,120000
6,1925,1040,127500
6,1925,1236,127000
6,1920,1406,89500
5,1955,825,125000
6,1920,1198,79900
5,1912,759,85000
3,1915,1344,82375
6,1906,1469,135000
5,1947,1054,124000
5,1968,1211,134000
5,1948,1271,135000
4,1959,1588,134432
5,1940,1355,127500
5,1963,1075,148000
5,1965,1040,129500
6,1978,1096,157500
5,1966,904,109900
5,1967,992,145000
5,1967,894,130000
6,1978,1034,153000
5,1967,1073,120000
5,1984,1126,152000
4,1969,1258,108959
5,1920,1140,95541
5,1959,1006,80000
5,1966,1228,149350
5,1963,960,144900
6,1956,1188,185000
5,1954,1383,165000
6,1960,1252,235000
5,1958,1601,140000
5,1940,672,108000
5,1960,1721,145000
5,1941,1350,152400
5,1970,904,144000
6,1996,1291,173000
7,1977,2022,192000
7,1979,1524,245000
7,1954,1363,241500
4,1954,1663,256000
6,1959,1357,177000
7,1948,1079,125600
6,1953,1094,155000
6,1908,2358,240000
5,1940,1518,260000
6,1918,1674,185000
6,1935,2108,235000
5,1956,1509,159900
5,1975,864,99600
6,1962,1269,134500
5,1900,1367,119000
5,1910,1347,107500
5,1950,1164,125000
6,1924,1096,79000
5,1941,1111,95000
7,1990,2329,262280
6,1995,2814,260000
7,1994,1626,226500
7,1993,2200,225000
7,1996,2037,229000
7,2007,1356,177439
8,2007,1615,248500
9,2008,2276,475000
9,2008,1766,395039
7,1993,2097,228000
8,1995,1511,225000
6,1966,1643,195000
6,1997,1688,200000
5,1994,990,155000
5,1995,1099,144000
5,1994,990,145000
7,1997,1418,226001
6,1997,1771,215700
7,2000,1652,207500
7,1999,1790,193000
7,1998,1724,188000
7,1999,1479,191000
7,2002,1494,221000
7,2001,1792,231500
7,2000,1823,235000
7,2001,1786,223500
5,1975,938,130250
5,1977,985,149900
5,1978,1174,158000
6,1978,1026,147000
5,1975,1076,143195
5,1975,1558,163000
5,1975,924,110000
5,1972,864,127000
5,1972,780,124900
8,2002,1795,230000
8,2002,2031,237000
7,2000,1865,235000
7,2001,2161,230500
8,1999,1852,230000
7,1998,2031,222500
8,2001,2263,287000
9,2001,1947,274000
8,2002,1786,300000
8,2002,2290,255900
7,2003,1768,224900
7,2003,2327,240000
7,2003,1640,183000
8,1999,1764,207000
7,1994,1908,210000
6,2003,848,136500
6,2004,848,145000
6,1997,1493,208900
6,1997,1838,185000
7,2002,1536,214000
7,2003,1710,208500
7,2004,1445,186500
7,2004,1436,210000
7,2004,1582,185900
8,2007,1234,179900
7,2007,1564,218836
7,2007,1361,193000
7,2005,1456,189000
6,2004,848,149300
6,2004,848,141000
6,2004,848,149000
6,2004,848,144500
5,1910,796,85000
5,1900,2200,145900
5,1966,1092,123000
5,1965,1256,147500
5,1976,1033,165000
6,1976,1127,135000
5,1940,996,108000
4,1972,1181,137500
7,2003,1656,165400
6,1977,1117,147000
6,1976,1398,160500
4,2005,1132,176000
5,1959,3820,284700
10,2008,5642,160000
6,2005,1072,148000
4,1955,1152,82000
4,1955,1152,82000
4,1955,1440,118000
4,1955,1152,82500
4,1955,784,91900
5,1938,1053,120000
5,1947,1137,96000
4,1953,930,99000
5,1946,1200,130500
4,1954,1470,135000
5,1955,1393,135500
4,1954,1204,100000
4,1923,1292,108000
5,1925,864,98000
3,1914,864,67000
5,1912,1716,135900
6,1925,1482,140000
5,1939,2192,179500
6,1925,1694,136500
7,1921,1424,168000
5,1911,1964,130000
5,1921,2601,189000
6,1930,1920,161900
6,1926,1316,145000
6,1922,2555,191000
6,1915,1680,177000
6,1914,1264,147500
6,1930,790,91000
8,1925,1512,231000
6,1936,1639,115000
6,1923,1603,138000
7,1931,1502,149000
6,1934,1660,188700
5,1937,1938,198000
5,1938,1374,110000
6,1951,1091,104000
8,1935,1873,257076
8,1935,3447,381000
7,1939,1954,311500
7,1950,2161,263400
5,1956,1898,236500
6,1954,1640,224000
6,1980,1032,116500
6,1980,1556,151000
6,1926,919,126000
6,1940,1090,120000
4,1922,796,55000
6,1930,816,120500
5,1940,778,120500
5,1930,1200,119000
5,1967,1656,126000
5,1930,912,99500
5,1958,1955,165500
1,1952,733,13100
4,1895,1361,89000
4,1920,1317,40000
4,1910,1049,80900
3,1935,894,81000
4,1920,864,65000
8,2008,1652,392500
8,2007,1648,294464
7,2004,1646,250000
8,2004,1646,275000
7,1996,2032,300000
8,2002,1689,271000
7,1996,1820,213000
6,1977,1118,171000
6,1977,1279,171500
5,1976,1872,100000
4,1991,1689,228500
5,1965,1786,228950
7,1986,1501,241500
8,1976,2898,287000
8,2006,1537,294000
8,2007,1646,293077
8,2007,1780,264966
5,2006,1442,172500
5,2006,1394,167500
7,2008,1612,218689
6,1989,1495,150000
6,1986,1651,184000
6,1986,1256,180000
6,1988,1509,175000
8,2003,1440,232500
6,1999,1675,195000
8,2003,2262,305000
8,2007,1728,298751
8,2005,1964,370000
7,1997,1344,209200
7,1997,1344,206300
5,2007,1092,146000
6,1997,1189,160500
4,1964,1200,173000
5,1975,1040,124000
5,1976,1304,115000
5,1976,1475,129500
4,1973,988,105000
4,1973,988,94900
5,1968,1160,152500
6,1970,1092,98000
4,1972,630,81000
5,1954,988,113000
5,1983,816,128500
5,1984,923,119500
5,1982,816,130500
5,1982,816,138000
5,1982,845,134500
6,1940,1750,160000
5,1984,889,137500
5,1969,1968,172000
5,1900,1836,103000
6,1971,1587,167300
7,1970,1277,167000
7,1973,2223,244000
8,1970,2217,268000
7,2003,1733,225000
6,1995,1572,168000
6,1997,1470,177000
6,1997,1600,169000
6,1997,1384,161500
8,2000,1652,251000
6,1994,1694,160000
6,1999,1714,180000
7,1996,1553,178750
7,1995,1253,176000
6,1999,2299,204000
7,1992,1187,160000
7,1991,1472,160000
7,1992,1482,163900
6,1993,1642,168000
6,1964,1128,154204
8,1986,1088,170000
7,1984,2090,207500
8,1988,1179,182000
8,1990,1321,212000
9,2005,1922,377426
8,2005,2541,349265
9,2006,2338,591587
5,1969,1424,155000
9,2006,1612,319900
8,2007,1419,392000
8,2006,2234,441929
10,2006,2042,455000
6,1981,1440,182900
6,1984,1284,174000
6,1984,1868,178000
7,1981,1479,176000
7,1978,1664,213000
7,1979,1930,192000
7,1977,1969,190000
6,1976,2030,195000
6,1978,1032,148000
6,1984,1177,151500
7,1979,1725,197000
6,1979,1353,192350
5,1969,1620,152000
6,1971,1220,170000
5,1971,1484,175000
6,1968,1743,175000
7,1976,1935,197900
7,1976,1324,174000
6,1974,1877,178900
5,1971,1109,139000
6,1971,981,143250
7,1972,1479,184000
5,1970,1422,155000
5,1970,914,133000
5,1971,950,119500
4,1971,872,123000
4,1971,858,110000
4,1961,914,128000
4,1971,864,120500
7,1998,767,133000
6,2001,1337,155000
6,1997,1337,177000
6,1973,1092,113500
6,1973,1218,113000
6,1973,1218,113700
5,1970,1302,106000
5,1971,1365,122500
6,1976,958,128000
6,1976,1548,155000
7,1978,1055,142500
5,1966,988,129250
9,2006,1816,356000
9,2007,1828,314813
8,2007,1694,318000
8,2006,1694,322400
8,2007,1734,318000
8,2007,2122,345474
9,2006,2121,415298
9,2007,2656,492000
8,2006,2550,338931
10,2005,2046,450000
7,2006,2172,280000
9,2007,2552,479069
8,2006,1973,395000
9,2006,2643,380000
8,2006,1634,250000
8,2006,1976,440000
9,2005,2758,418000
10,2007,2290,500067
8,2007,2152,260116
8,2004,2473,317000
8,2007,2100,319500
8,2007,2161,325624
9,2006,1802,372000
8,2004,2956,342000
8,2004,2468,354000
8,2003,2385,350000
8,2003,2374,285000
8,2007,1818,281500
7,2005,1614,245700
8,2005,1721,232698
8,2006,1828,250000
6,2005,1362,194700
6,2005,1302,204000
6,2005,1302,200000
6,2005,1362,207000
8,2006,1554,209500
8,2006,1554,209500
8,2006,1370,202500
9,2005,1577,280000
9,2005,1561,277500
9,2007,1869,318061
8,2006,1324,221370
7,2003,1405,200000
6,2007,1496,181755
6,2005,1536,176000
6,2005,1484,178900
7,2006,1458,168165
6,2006,1495,171925
6,2006,1746,198444
6,2005,1326,203000
7,2007,1456,179540
7,2007,1302,176485
7,2007,1340,181134
6,2006,1412,156932
6,2007,1504,166000
7,2007,1456,177594
7,2007,1258,173500
7,2006,1258,172500
7,2006,1402,194201
8,2003,1589,226500
7,2007,1266,185485
7,2004,1530,259000
7,2004,1119,188500
7,2004,1374,175000
7,2004,1959,215000
7,2006,1525,206580
7,2004,1720,183500
7,2003,1394,165500
7,2003,1948,211000
6,2000,1690,181000
7,2002,1995,219500
6,1999,1647,175000
7,2000,1430,170000
7,2003,1320,162000
6,2000,1690,187000
6,1999,1644,185000
10,1996,4476,745000
8,1997,2551,384500
8,2000,2285,248000
10,2001,2633,466500
9,1998,3078,410000
8,1998,2582,322500
7,1998,2385,252000
10,1994,4316,755000
7,1996,2013,269790
7,1996,2398,315750
7,1995,2520,290000
8,1995,2531,290000
8,1992,3228,430000
8,1992,2202,263000
8,1996,2538,330000
7,2007,1369,213133
8,2007,1542,260261
9,2006,1905,320000
8,2007,1464,282922
8,2006,1534,215000
10,2007,1966,419005
8,2006,1636,255000
8,2006,1795,147000
7,2007,1528,235876
7,2007,1726,311872
7,2007,1689,248328
8,2006,1588,227000
8,2005,1538,260000
8,2007,1496,225000
7,2005,1506,249000
8,2004,1694,307000
7,2006,1977,250000
8,2006,1830,221300
8,2007,1338,208900
7,2006,1335,210400
8,2007,1792,255000
5,2007,1588,212109
8,2006,1959,270000
8,2007,2610,303477
8,2007,1880,310013
8,2006,1656,249700
7,2007,1761,227875
8,2007,1584,261329
8,2006,1685,253000
6,2004,2443,265000
8,2004,2466,340000
6,2006,1100,146000
7,2006,1143,147000
5,2003,1094,149000
7,2006,1486,181000
6,1994,1721,201000
6,1993,1820,191750
7,2000,1349,179000
7,1998,1494,215000
6,1992,1575,179200
6,1980,1266,128000
5,1983,884,144000
5,1977,2020,144000
5,1977,894,120750
5,1963,970,132500
5,1962,1057,132000
5,1962,999,132500
4,1961,1120,129000
5,1962,1696,143900
5,1968,1040,145000
5,1961,988,128500
5,1967,902,125500
7,1990,2503,300000
7,1974,2167,294000
5,1974,1037,129000
5,1975,1701,171000
6,1973,1055,147000
8,1990,2810,302000
8,1992,2872,285000
8,2004,1378,214000
8,2006,1151,166000
8,2006,1565,193800
7,2006,1352,208900
7,2006,1352,194000
8,2006,1550,207500
7,2006,1241,199900
7,2006,1250,164700
6,1999,1501,176500
6,1999,1458,176000
6,2000,1512,168500
6,2000,1573,177000
6,2000,1525,177000
7,2004,1102,148800
8,1999,1441,174000
7,1997,1950,239000
7,1999,1358,204000
8,2003,2048,301000
8,1998,2362,312500
8,1994,1494,279700
7,1980,2362,255000
5,1978,1432,194000
5,1976,1437,218000
8,1978,1295,213750
6,1976,1855,187000
6,1976,1262,181500
8,1981,2497,373000
5,1977,2620,190000
7,2001,1929,226000
6,1968,1152,143450
6,1970,2411,240050
6,1969,1082,162500
6,1968,1295,164000
7,1972,1610,185000
7,1993,1594,188500
7,1993,2075,255000
5,1976,1680,136905
6,1966,1093,158500
7,1973,1242,175500
6,1963,1052,127000
5,1967,1107,127000
5,1967,1214,143000
5,1965,1073,156000
5,1958,1344,144000
5,1964,1728,119000
4,1964,1224,103000
5,1960,1422,139900
6,1960,958,151500
5,1960,1065,126500
6,1958,1138,145000
5,1958,912,120000
5,1956,1074,124000
5,1959,882,106500
5,1961,1187,140500
5,1961,964,137500
5,1960,894,117600
7,1966,1200,163500
6,1965,1042,161000
6,1964,1302,158000
6,1964,2154,224500
6,1964,1374,147000
6,1959,1652,200000
6,1960,1429,181900
5,1959,1327,150750
4,1962,1224,101800
6,1950,932,124000
5,1940,908,138500
1,1946,334,39300
3,1946,666,64500
3,1945,670,64000
5,1958,808,112000
6,1964,1977,165000
5,1955,1150,144000
5,1948,1920,137000
5,1941,1376,105000
5,1942,1644,146500
5,1968,1560,126000
5,1966,1280,175000
6,1961,1254,158500
5,1958,912,114500
5,1958,1524,144000
6,1965,2380,129000
6,1957,936,141000
5,1956,1008,131000
5,1963,1053,142100
5,1958,1056,139000
6,1958,1442,157900
5,1954,1056,139400
6,1957,1244,150000
5,1960,1144,120000
6,1957,1721,174850
5,1957,922,116000
5,1956,1048,135000
6,1970,1657,163500
5,1955,1411,130000
5,1955,1216,129500
5,1953,1154,142000
5,1958,1560,128600
6,1952,948,125000
6,1953,1040,136000
5,1953,1008,134500
5,1956,925,127000
5,1955,1360,130000
4,1955,1540,115000
5,1955,925,116900
5,1956,928,132000
4,1953,1647,153000
5,1952,924,112500
4,1890,1544,138000
5,1949,893,135000
5,1953,1728,156000
5,1935,3086,301600
5,1940,1034,109000
4,1956,882,103200
4,1925,1281,128500
4,1927,968,64500
5,1895,1534,148000
5,1920,691,86000
7,1963,1651,172000
5,1961,888,120000
6,1968,952,128500
5,1969,2080,135000
5,1949,924,122900
6,1948,1082,119200
6,1949,1846,143000
5,1950,988,119000
5,1950,1238,102000
5,1950,864,129000
5,1960,1134,135000
5,1959,1040,152000
5,1958,1170,140000
5,1960,1242,152000
5,1960,1377,156500
5,1961,1800,141000
5,1961,925,99000
6,1964,1851,187000
5,1962,1812,169500
5,1962,864,125500
5,1962,936,130000
5,1926,960,103000
5,1910,1432,132000
6,1927,1296,127500
5,1922,1022,89500
5,1980,936,140000
5,1920,967,99900
4,1885,1047,100000
5,1940,1072,130000
5,1900,1174,135000
3,1948,1183,120000
4,1937,1131,89471
4,1900,1141,85000
4,1920,960,108500
4,1900,1798,137000
5,1945,866,110500
5,1923,968,100000
8,1910,1772,184900
6,1927,1642,145000
5,1925,1472,125000
5,1910,1232,114000
5,1900,2337,90000
6,1910,1650,144100
6,1880,2210,117500
5,1930,1358,124500
7,1879,2454,185000
6,1910,2291,133900
6,1926,1616,152000
5,1948,1559,153500
7,1890,2554,159500
5,1930,1248,87000
4,1956,968,104500
4,1949,1382,110000
5,1925,1060,136500
5,1950,1435,128250
5,1920,1167,144000
6,1923,1635,210000
5,1939,1274,135000
6,1939,1232,128000
6,1941,1218,131000
5,1939,884,113000
6,1938,1409,126000
5,1939,1322,132000
5,1930,1426,131750
5,1926,1281,132500
5,1920,1513,137500
7,1929,854,132000
6,1931,1367,127500
6,1926,986,102000
6,1918,2264,200000
6,1919,1824,180500
6,1920,1376,165000
5,1926,1316,90000
6,1915,1396,153575
7,1929,1344,140000
6,1916,2526,136000
5,1901,1173,113000
5,1901,1214,117000
7,1931,1818,169500
7,1930,1108,139400
6,1963,2294,202500
6,1914,1355,127000
6,1937,1375,141000
7,1950,1952,212300
6,1915,2180,161000
4,1958,1315,99500
5,1920,1111,101000
4,1916,1196,109900
5,1941,1382,128500
7,1910,1889,122000
5,1930,840,87000
4,1910,1484,50000
7,1937,2267,219000
5,1946,3086,200500
5,1940,1134,126000
5,1942,1282,108500
5,1963,999,130000
5,1964,1452,158450
4,1964,1005,115400
4,1961,1029,118500
5,1964,1020,165000
5,1966,1040,123000
6,1966,913,129000
5,1966,894,125000
5,1968,948,108000
5,1971,868,119900
5,1968,897,115000
5,1967,943,134500
5,1966,955,127000
5,1968,894,129000
6,1977,1285,143500
5,1966,912,129000
5,1956,1375,187000
5,1920,2654,158000
5,1918,1416,112000
7,1940,1302,165250
6,1954,1299,150000
5,1958,1176,137000
4,1945,998,89500
7,1971,1824,302000
6,1984,1522,182000
6,1988,2060,211000
5,1948,1325,216000
5,1953,1630,130000
4,1946,1242,109900
6,1954,2422,255000
6,1950,2158,243000
6,1954,1626,154000
5,1958,864,118000
4,1958,943,80000
4,1977,1440,150000
4,1920,605,86000
5,1984,1038,130000
5,1951,1342,125000
5,1951,1480,136500
4,1920,1362,96000
5,1957,1340,120000
6,1984,1822,228500
7,1990,1442,179900
7,1990,2243,225000
7,1986,2730,301000
7,1991,2127,238000
7,1989,1982,228500
7,1994,1958,220000
7,2007,2696,383970
8,2006,2828,424870
8,2007,1651,250000
8,2006,2140,360000
7,2006,1494,279500
7,2007,1316,200141
8,2007,1651,246500
8,2007,2574,276000
7,2005,1274,203000
7,2006,1456,155835
7,2006,1240,194000
7,2007,1208,195400
7,2005,1546,217000
8,2006,1500,212999
7,2005,1270,175900
7,2005,1795,191000
6,2006,1314,176432
7,1988,2062,277000
7,1988,1873,207000
6,1958,2144,277000
6,1992,1953,240000
6,1966,2087,187500
8,1976,1743,279000
5,1994,1022,139500
5,1994,990,126000
6,1995,1200,177500
6,1997,1308,175000
6,1998,1796,211000
5,1994,990,146000
5,1996,1097,147900
4,1994,990,123600
6,1997,1786,204750
7,1999,1873,235500
7,1998,1753,217000
7,2001,1690,190550
7,2000,1842,217500
7,2003,1479,226000
7,2003,1668,180000
5,1974,894,131000
5,1976,1025,153500
5,1977,1009,160000
5,1977,1040,134900
5,1977,907,130000
5,1975,879,120000
5,1972,882,112500
5,1975,969,122000
5,1972,864,127000
4,1972,875,117000
8,2004,2000,305900
8,2002,2169,228500
7,2000,1673,270000
7,2002,1459,192000
7,2003,1932,213000
7,2002,1729,200000
8,1998,2452,267000
8,1994,1592,228000
8,2001,2439,275000
7,1996,1992,211000
9,2002,1668,285000
8,1995,2090,240000
6,2003,848,131500
8,1999,1341,246900
7,2003,1928,219500
7,2003,1337,185000
7,2007,1476,179400
7,2006,1797,213500
7,2004,1422,179600
7,2005,1190,173500
6,2006,1330,167840
7,2006,1491,168675
5,2005,1536,167000
5,1965,1214,140000
5,1967,936,118500
4,1963,1088,110000
4,1965,960,94750
5,1925,1351,122000
6,1960,1179,110000
6,1990,816,118500
6,1976,1044,133500
6,1976,1113,148000
5,1979,2233,141000
5,2006,1125,155000
5,2005,1090,157000
5,2005,1408,171500
10,2008,5095,183850
10,2007,4676,184750
6,2005,1072,140000
5,1959,960,131750
4,1955,1152,61500
4,1954,948,111000
5,1946,1195,98500
3,1931,774,79000
6,1920,865,108500
4,1954,894,110000
4,1910,1346,112000
4,1955,768,125000
4,1955,864,79275
4,1954,948,119000
6,1914,3395,200000
5,1923,2592,150000
6,1923,1502,165000
5,1926,789,96500
5,1926,1422,136500
6,1921,1298,146500
5,1937,1768,175000
7,1930,1098,148500
6,1921,1436,141500
7,1918,1426,189950
6,1926,1461,135000
7,1941,1646,164000
5,1913,694,90350
5,1910,1250,139000
5,1938,954,119750
6,1946,1958,145000
5,1949,2002,145000
7,1927,1718,238000
5,1951,1226,153500
6,1918,2624,239000
8,1934,3194,359100
4,1930,1755,188000
6,1932,1991,220000
5,1941,1355,140000
8,1932,2727,315000
6,1945,2320,259500
6,1957,1839,257500
7,1940,1740,219500
6,1953,2259,217000
6,1960,1560,201000
6,1968,1488,215000
6,1980,1045,123900
4,1995,1680,170000
8,1988,1020,200000
7,1971,1696,198000
6,1957,2515,200624
8,1986,2726,315000
5,1919,1517,115000
6,1940,1215,141000
5,1941,803,87000
5,1925,1601,129850
4,1939,1123,100000
5,1923,1828,150909
5,1922,816,75200
6,1920,1012,118400
5,1920,1077,67000
5,1950,1558,152000
2,1939,845,68104
5,1895,1991,119600
4,1957,1073,140000
5,1930,1001,124900
8,2006,1625,375000
8,2006,1625,235000
6,1979,1299,183500
6,1978,912,156000
6,1983,1080,134000
5,2002,1392,215000
7,2002,1409,245000
7,1991,1478,210000
7,1975,918,148000
6,1974,1026,143000
7,1987,1501,244000
7,1998,1502,330000
5,1959,1328,170000
6,1958,2279,257000
7,2006,1689,231713
8,2006,1564,267300
8,2006,1484,265900
8,2007,1571,239000
8,2006,1646,248900
7,1985,1240,174000
7,1990,1717,187500
6,1996,1756,204000
8,2001,1312,180500
7,2003,1146,187500
8,2002,1922,282000
6,1996,1491,178000
8,2002,1629,270000
7,2003,2486,279900
5,1963,1572,186700
8,2006,1776,283463
10,2006,1824,392000
8,2005,2482,281213
5,2007,1120,147000
3,1953,2034,130000
6,1996,936,140000
4,1963,1040,132250
5,1967,1632,143000
4,1961,1622,168000
5,1976,1060,129900
5,1976,1142,134000
4,1972,1092,85500
4,1970,992,106500
4,1970,1092,93900
4,1970,1092,75000
4,1970,630,84500
4,1976,1092,75190
6,1976,1062,146800
5,1977,1008,153500
6,1977,1356,188000
5,1977,1676,196000
5,1977,1432,157000
5,1971,796,138000
5,1970,768,129500
4,1961,1608,80000
4,1982,845,129500
5,1976,1178,135000
5,1982,816,124500
5,1983,816,139000
5,1991,974,93500
5,1984,887,124500
6,1954,1293,149900
6,1956,1024,157500
5,1957,1797,169000
6,1957,1390,252000
7,1969,1851,192100
6,1997,1525,183500
7,1997,2236,222000
6,1995,1671,170000
6,1995,1498,187500
6,1996,1776,202000
6,1997,1511,185000
7,2005,2462,320000
7,2006,1670,240000
8,2005,2064,250000
8,2005,1801,239900
7,2005,2212,309000
7,2006,2021,274725
8,1994,2687,270000
6,1993,1169,183500
6,1993,1501,165600
7,1998,1632,176500
8,1987,1204,130000
7,1987,1767,239000
8,1985,1742,275000
9,2005,2798,457347
10,2006,3390,545224
9,2006,2473,356383
9,2005,2868,556581
8,2006,2576,361919
10,2006,2698,535000
9,2005,2795,401179
10,2006,2945,438780
5,1948,2320,169000
5,1955,1056,145000
9,2005,1714,318000
8,2005,1826,319000
9,2005,2000,470000
7,1984,1621,202500
7,1988,2183,229000
7,1977,2263,235000
6,1976,1574,190000
6,1980,1102,169000
7,1988,1872,241500
7,1978,1857,188900
6,1980,1686,207500
7,1978,2784,250000
6,1975,1552,179900
7,1976,1083,172000
7,2005,2318,294323
6,1975,1875,184500
5,1975,1074,153500
7,1976,1664,162900
6,1974,1309,181000
6,1974,1103,155000
5,1969,1096,138800
4,1970,864,116050
4,1971,858,88000
4,1971,874,97500
6,2002,1419,190000
6,1973,1092,105500
5,1973,1365,125500
6,1973,987,83000
6,1972,1030,116000
6,1971,1218,91500
6,1972,1218,118000
6,1972,948,89000
6,1972,1092,108000
6,1972,987,94500
6,1975,1069,146300
5,1967,1387,145000
5,1967,900,123000
7,1976,1055,137500
6,1976,1456,144000
9,2004,1980,315000
9,2006,2589,412083
9,2006,2596,342643
8,2004,1618,252000
10,2006,2076,465000
7,2006,1740,293000
9,2005,1868,415000
9,2004,1850,326000
8,2005,2376,325300
8,2004,2452,309000
9,2005,2206,300000
8,2005,2098,275500
9,2005,2091,338500
9,2005,2324,345000
8,2005,2253,344133
8,2006,2389,298236
8,2005,2358,329900
9,2003,1944,360000
8,2006,1970,281000
9,2005,1792,372397
9,2004,1780,378000
9,2003,1792,374000
9,2005,2728,437154
8,2005,1904,275000
8,2004,1914,279000
7,2005,1364,185850
9,2005,1565,282500
7,2005,1368,202500
7,2005,1368,202665
9,2006,1686,332200
9,2006,1666,310090
7,2003,1405,171750
6,2005,1316,169990
6,2005,1456,170440
7,2006,1492,169985
7,2006,1496,179665
7,2006,1863,219210
6,2006,1326,174190
6,2006,1456,172785
8,2004,2373,258000
7,2006,1492,185101
7,2006,1364,210250
7,2003,1557,234000
8,2003,1456,215000
7,2002,1511,246990
7,2004,1414,178740
7,2004,1548,225000
7,2005,1248,167240
7,2005,1142,156820
7,2005,1506,213490
8,2006,1567,264561
7,2006,1500,246578
5,2005,1838,192140
6,2002,1509,183200
8,2004,1414,178000
7,2004,1598,201490
8,2000,1936,230500
7,2003,1509,180000
6,2000,1664,172400
6,2000,1889,215000
7,1998,1886,199900
6,2000,1671,173000
7,2006,2322,287602
7,1999,2291,230000
8,1997,2392,348000
8,1998,1976,286000
8,2000,2234,300000
10,1995,3627,625000
9,2000,2855,405000
8,1998,1924,280000
8,1998,2263,258000
8,1995,2726,350000
9,1993,3500,584500
8,1994,2494,321000
8,1994,2526,290000
8,1993,2799,315000
8,2005,1964,252000
8,2006,1670,336820
8,2005,2097,423000
8,2006,1660,290000
7,2005,1616,232000
8,2006,1504,199000
8,2006,1278,198600
9,2006,2640,405749
8,2006,1489,232600
8,2006,1939,266000
7,2005,1553,186500
6,2005,1716,200825
7,2006,1576,197000
6,2006,1262,185000
7,2005,1266,176000
7,2006,1301,187750
6,2005,1142,139500
7,2005,1400,186800
6,2005,1131,132000
6,2005,1141,142500
6,2004,1158,158000
7,2005,1686,184000
7,2005,1585,184900
6,1997,1837,187000
6,1992,1603,175900
6,1992,1731,248500
6,1990,1398,172000
6,1991,1217,151000
6,1994,1320,150000
4,1966,1056,107000
5,1965,965,119900
5,1962,988,129500
5,1963,1728,125000
6,1977,1654,119500
5,1962,1211,144000
6,1977,1212,151000
5,1965,984,126000
5,1968,909,116000
5,1963,925,133500
5,1965,1024,120875
5,1965,935,137000
5,1964,912,124000
5,1961,1236,135000
5,1967,941,129200
7,1974,2646,260000
8,1991,2417,260000
8,1992,2826,334000
8,1993,2520,310000
7,1992,2295,268000
8,1994,1624,262000
7,2004,1143,176400
8,2005,1247,197000
7,2005,1200,151000
7,2005,1223,147400
7,2005,1223,149900
7,2005,1200,144152
6,2000,1524,166000
7,1999,1452,183900
7,2000,1382,165000
7,2003,1080,139000
7,1997,1694,200000
8,2001,1568,221000
8,1995,1494,270000
6,1977,1208,165000
8,1980,1235,214000
8,1980,1036,188000
8,1980,1226,190000
8,1978,1226,170000
9,1981,1842,385000
5,1972,1193,146500
7,1968,1920,170000
7,1968,2156,262500
6,1968,1416,179900
6,1968,2654,250000
6,1972,1790,165150
7,1967,1334,164500
7,1969,1164,140000
5,1967,980,135500
5,1968,1051,142000
5,1968,1770,155000
6,1968,976,157500
5,1968,1052,138500
5,1968,898,140000
5,1966,1051,124400
5,1967,1141,158000
5,1965,1200,146000
6,1971,1993,190000
5,1961,1050,136500
5,1958,864,129900
5,1959,1712,145000
6,1965,1565,185900
6,1964,1251,160000
6,1964,1488,167000
5,1964,1440,157500
6,1958,1095,140000
5,1958,1053,150000
5,1960,1248,151500
6,1934,816,129800
5,1954,1008,137000
5,1947,1043,137000
4,1946,1230,121600
4,1923,869,85500
4,1926,747,79900
5,1908,1252,127000
5,1961,1433,161000
5,1952,1624,146500
5,1951,1216,135000
5,1951,2136,137900
6,1941,1578,133000
5,1949,1728,137000
5,1954,936,121000
5,1967,1584,119000
6,1964,1246,172000
5,1961,1235,98600
7,1966,2157,226000
5,1954,1128,118000
8,1918,3112,235000
6,1963,1008,135000
5,1962,1190,132500
5,1959,1144,143000
5,1957,1364,132000
6,1960,1383,145250
6,1958,1336,162000
5,1956,1370,148000
5,1957,1092,141000
6,1956,1124,153000
5,1957,1236,134450
5,1979,943,135960
6,1954,1050,156000
6,1954,1375,140000
5,1952,1008,139500
6,1951,1575,155000
5,1956,1145,127000
5,1956,1005,133500
5,1955,1056,125000
5,1951,884,142000
7,1941,2039,167000
5,1956,1384,159000
5,1925,2640,180000
6,1947,1312,127000
6,1924,1310,112000
3,1930,713,99800
5,1954,833,117000
5,1921,1073,108480
3,1929,715,68000
4,1900,720,86900
5,1920,1130,120000
6,1915,1595,155500
4,1910,1760,80000
3,1915,1214,105000
5,1900,2414,160000
5,1936,1466,170000
6,1965,1324,160000
5,1966,1086,159950
6,1963,1146,165000
6,1962,1734,159000
6,1962,1207,147000
5,1964,912,115000
6,1959,1194,159500
6,1959,864,120000
5,1957,816,129900
6,1961,1773,183000
7,1959,1472,157500
7,1962,2448,277500
5,1957,1600,207500
4,1950,1521,147500
4,1949,1192,135000
5,1950,1040,109500
4,1950,1040,109900
5,1959,1040,133700
3,1950,1040,81400
3,1949,1040,87500
3,1950,1040,93500
5,1960,1556,119000
5,1959,1150,141000
5,1961,1150,146000
6,1966,1348,155000
5,1962,999,134500
7,1962,1045,120000
5,1962,864,105000
5,1962,1025,124000
5,1900,2014,169000
4,1925,1328,107000
5,1948,1668,135000
4,1920,1657,111500
6,1900,1416,156500
7,1925,1641,178000
7,1900,1428,139900
7,1930,1004,105000
6,1930,813,110000
4,1900,1951,111500
6,1924,1032,108000
5,1925,844,111500
5,1880,1750,124000
4,1950,864,105000
6,1920,1118,116000
3,1905,1376,96900
5,1955,960,135500
5,1924,1566,139000
3,1921,492,61500
6,1945,1182,120000
3,1955,1163,126175
3,1920,840,64000
6,1910,1928,137000
4,1900,1774,87000
7,1914,1768,163000
7,1910,2104,155000
5,1900,1440,79000
7,1916,1690,144000
6,1910,1368,114504
7,1920,1762,157000
6,1923,1200,125000
10,1892,3608,475000
5,1920,1248,93500
5,1958,960,125000
3,1918,1020,64500
4,1941,788,100000
6,1939,1577,140200
6,1924,1827,202500
6,1947,1664,159000
5,1939,1118,119900
6,1934,1176,114500
5,1936,1344,115000
3,1930,1162,75000
5,1925,1015,88000
4,1947,912,80500
5,1928,1576,149000
5,1930,1324,110000
6,1925,1103,110500
5,1921,616,89000
5,1922,1048,113000
5,1925,816,109000
6,1962,2486,220000
4,1970,960,129000
6,1910,1635,117000
4,1941,693,52500
4,1924,1430,107000
5,1910,1330,116500
5,1919,819,72000
6,1937,1376,119500
5,1938,1360,125500
3,1922,1077,91000
6,1935,754,84500
6,1930,984,90000
5,1951,1422,137500
6,1964,1921,150000
5,1950,1640,131000
5,1958,1352,130000
5,1935,1032,125000
5,1936,879,80000
7,2004,1073,157000
4,1963,1382,148000
4,1967,1296,90000
6,1963,1068,154500
5,1967,1064,153600
5,1966,1320,164500
6,1964,934,132000
5,1966,1059,142500
5,1968,1159,158000
6,1978,1400,149500
5,1967,1458,165000
5,1968,1721,180000
6,1978,1040,160500
5,1977,1967,156500
5,1977,1949,157000
5,1958,1920,172500
5,1957,1803,155000
5,1955,1779,170000
5,1924,872,105000
4,1965,960,145000
5,1956,1437,168000
7,1967,1830,278000
5,1963,1000,164000
7,1953,2287,225000
5,1971,810,130000
5,1974,894,142500
7,1980,1700,148400
7,1986,1453,190000
4,1954,1350,146000
5,1942,1150,128000
5,1948,2008,225000
6,1966,2201,274970
6,1928,2009,235000
6,1935,3672,415000
5,1962,1560,182000
5,1952,1488,135000
5,1955,1057,137000
6,1954,1855,136900
6,1953,1609,149900
5,1952,1148,123500
5,1954,1124,93000
5,1948,1456,91500
6,1985,1298,180000
6,1989,2559,209000
8,1993,1911,215000
6,1993,1440,224500
7,2005,1876,229800
7,2005,1208,183600
7,2006,1220,194000
7,2006,1294,193879
7,2005,1614,221500
7,2006,1498,204900
7,2006,1962,239799
6,2006,1846,233555
7,2005,1734,260000
8,2005,1590,294900
7,2005,1809,209700
7,2005,1614,225000
7,2005,1596,181000
8,1992,1915,220000
5,1964,1582,190000
6,1969,988,180000
7,1975,1533,280000
6,1968,1388,158900
5,1996,914,148000
5,1996,1100,145000
6,1995,1499,187000
7,1998,1425,193000
5,1995,990,156000
7,2000,1525,235000
6,1997,1494,217000
7,1999,1588,214000
7,1999,1749,196000
7,1999,1779,217000
7,2002,1861,200000
7,2002,1776,192500
7,2001,1541,205000
5,1976,954,132500
6,1977,1388,157500
6,1978,1282,174000
5,1969,971,128500
5,1972,864,128500
5,1972,894,149900
5,1972,864,119900
6,1993,1320,137000
8,2002,1989,255000
7,2002,1762,222000
6,1999,1755,214000
8,2002,1358,220000
8,2001,1787,275000
7,2002,1909,197000
7,2002,1654,230000
8,1999,2214,268500
7,1996,2049,210900
7,1998,1939,227000
7,1995,1995,237000
7,1998,2097,274300
7,2004,1836,216837
6,2003,848,133000
6,2004,848,155900
8,2006,1919,233230
7,2003,1390,207000
7,2004,1948,195000
6,2003,1700,200000
7,2006,1737,203160
7,2005,1611,195800
7,2005,1552,212900
7,2004,1720,196500
7,2005,1336,198000
6,2005,1500,173900
6,2005,1456,163990
7,2005,1310,164990
4,1910,1436,98000
5,1959,1466,149900
4,1951,1220,102000
6,1975,1012,127500
6,1975,980,127500
5,1969,1176,119900
7,2003,1724,196500
6,2002,914,117250
7,2003,2314,229000
5,2005,1072,145000
6,2005,1072,140000
6,2005,1072,142500
7,2004,1709,134000
7,2004,1709,130000
6,2004,1709,130000
7,2004,1709,137500
7,2004,1708,130000
4,1948,936,97900
6,1915,1338,92000
4,1924,1669,107000
5,1910,1184,81000
5,1924,1221,104900
5,1955,864,115000
4,1954,1482,125000
5,1918,1250,116000
4,1922,1414,83000
4,1912,2230,118500
2,1922,498,35000
4,1910,1273,121000
5,1916,1928,160000
6,1940,1595,140000
5,1938,1551,137000
6,1945,1340,128000
7,1926,1479,160000
5,1914,1784,138887
6,1920,1510,149000
5,1926,1522,102000
7,1919,1636,167000
7,1920,1802,200100
5,1939,1465,131000
5,1941,1288,112000
7,1915,1717,140000
6,1920,1550,195000
8,1929,1517,230000
5,1940,1717,194000
4,1922,1180,137500
7,1936,2057,250000
7,1929,1671,218000
6,1932,2345,239000
7,1932,1609,199500
6,1930,1801,210000
6,1956,1811,230000
5,1977,1647,217500
5,1950,2315,257000
5,1953,1336,157000
6,1969,1844,223000
5,1942,976,102000
6,1926,1285,145400
4,1925,672,72000
4,1925,641,85000
4,1936,951,106500
6,1957,1638,139000
4,1920,1336,108000
3,1945,729,51689
2,1949,480,35311
5,1951,1396,115000
3,1916,936,78000
8,2005,1778,375000
8,2004,1646,300000
6,1979,1625,242500
6,1978,1664,145000
8,2001,1491,209000
6,1977,1004,135000
6,1975,1210,148000
7,1988,1959,171000
7,1989,2519,335000
7,1986,1295,230000
6,1958,1650,250764
8,1981,1707,228000
6,1987,1137,176000
7,1990,1339,180000
7,1990,2514,250000
6,2000,1403,202000
8,2002,1800,312500
8,2005,1960,320000
8,2005,2028,369900
9,2005,1838,359900
1,1951,1600,81500
7,1997,1368,215000
6,1998,1216,164000
6,1998,1337,153500
5,2006,1140,84500
5,1977,1304,104500
5,1977,1475,127000
6,1973,2521,151400
5,1968,874,126500
5,1970,1652,146500
4,1970,630,73000
4,1972,1092,79400
5,1969,1360,140000
5,1970,630,92000
4,1970,1092,87550
4,1970,1092,79500
4,1970,1092,90500
4,1970,1092,71000
6,1976,1728,150900
5,1976,1728,188000
5,1977,1126,160000
5,1960,1224,131000
6,1984,1003,142500
5,1983,902,131000
5,1992,970,132000
5,1974,1389,170000
7,1993,2000,188000
